app_name,keywords,description
Agoda,"hotel booking, travel, accommodation, deals","Book hotels and accommodations worldwide with great deals and discounts."
Booking.com,"hotel reservation, travel, lodging, vacation","Find and book hotels, apartments, and vacation rentals with real-time availability."
Hotel.com,"hotel search, booking, travel, rooms","Search and reserve hotels globally with competitive prices and user reviews."
Spotify,"music streaming, playlist, audio, songs","Stream millions of songs and create playlists for any mood or occasion."
Google Maps,"navigation, maps, travel, directions","Navigate with real-time maps, directions, and traffic updates."
Expedia,"travel booking, hotels, flights, vacation","Plan your trip with hotel bookings, flight reservations, and vacation packages."
TripAdvisor,"travel reviews, hotels, booking, tourism","Read reviews and book hotels based on traveler experiences."
Netflix,"video streaming, movies, series, entertainment","Watch movies, TV shows, and original series on-demand."
Kayak,"travel search, hotels, flights, deals","Compare hotel prices, book flights, and find travel deals in one place."
Uber,"ride sharing, transportation, travel, taxi","Book rides with ease for quick and reliable transportation."